,series_dir,prediction,label
0,./more_negative_data_converted_uid/30f67b1dc519,0.3473290506686522,0
1,./more_negative_data_converted_uid/61afa21e7db7,0.1752826157414294,0
2,./dataset_new/0fcd34acd04d,0.7898922247584307,1
3,./dataset_new/02cabe7f3725,0.4342581615756474,0
4,./more_data_converted_uid/35352f6df455,0.15950330723442538,0
5,./more_negative_data_converted_uid/fcdc165c0087,0.18077069526295142,0
6,./more_negative_data_converted_uid/38a51605b9ab,0.0712661622848214,0
7,./more_negative_data_converted_uid/2da35fc230a4,0.15195098414705735,0
8,./more_negative_data_converted_uid/37a474fd07a5,0.22939341626088325,0
9,./more_negative_data_converted_uid/3b38b15f2123,0.2758933188413544,0
10,./more_negative_data_converted_uid/a830bd2e8627,0.4313020449187341,0
11,./dataset_new/ad9a4e45acad,0.6555078648372553,1
12,./more_negative_data_converted_uid/2c8f9c8f10a7,0.5543330483661237,0
13,./more_negative_data_converted_uid/3ca5d247eb8a,0.1761866518117419,0
14,./more_data_converted_uid/f8e1fa7aaffb,0.3192349999436949,0
15,./more_negative_data_converted_uid/49ad183bb435,0.41644114600039794,0
16,./more_negative_data_converted_uid/3c9ed916bc04,0.16460484789957544,0
17,./more_data_converted_uid/d41b376f6d0f,0.6939894129812539,1
18,./more_negative_data_converted_uid/cd1880921825,0.25078868772326957,0
19,./dataset_new/1af5a5aa4611,0.4141052142392377,0
20,./dataset_new/0dd9dcc81bff,0.667842847886903,0
21,./dataset_new/1b2006d78784,0.546975747940264,1
22,./dataset_new/a6dce3bf2161,0.3863681509825171,1
23,./dataset_new/00f7a878af9c,0.7714358744072227,1
24,./more_negative_data_converted_uid/589dda32262c,0.6727797004429666,0
25,./dataset_new/1b617a71487e,0.15405556958298844,0
26,./dataset_new/0d52c69eb6ac,0.36684684376987614,0
27,./more_negative_data_converted_uid/582477b968f9,0.16937019691692112,0
28,./dataset_new/9e398c74218b,0.6631895782009,1
29,./more_negative_data_converted_uid/66f5dc60e1bb,0.40226991608144425,0
30,./dataset_new/59f304d2ce4c,0.7304659642597494,1
31,./dataset_new/1a0b260a25d1,0.5493864828608156,0
32,./dataset_new/123a8db69ada,0.7282555058540287,1
33,./more_negative_data_converted_uid/ccb904999a27,0.5816249805486532,0
34,./more_negative_data_converted_uid/34e577780559,0.46318510463637425,0
35,./dataset_new/37ba82066bde,0.43392702558188956,1
36,./more_negative_data_converted_uid/66252bc56ca9,0.32479551893513575,0
37,./dataset_new/2b5f45c75f7c,0.52597886802798,0
38,./dataset_new/934aa4481f10,0.7518897097225201,1
39,./more_negative_data_converted_uid/6b18d89c4ce5,0.5578218379705489,0
40,./more_negative_data_converted_uid/9a21502c5d53,0.2230340210652772,0
41,./more_negative_data_converted_uid/6698e5756565,0.2704422236374807,0
42,./more_data_converted_uid/f8c03c333489,0.12438439889090595,0
43,./more_negative_data_converted_uid/a77b49c48cf3,0.44253782545944076,0
44,./more_negative_data_converted_uid/3b0f0db3b693,0.6284991810179608,0
45,./more_negative_data_converted_uid/96a5bcb9a5ac,0.10329886474772332,0
46,./dataset_new/1e99810b0eac,0.13037685890563136,0
47,./more_negative_data_converted_uid/11c8361703fc,0.14180686483260674,0
48,./dataset_new/2a9d327a638f,0.3151364095627718,0
49,./dataset_new/0b656d3983ef,0.26089902154039235,0
50,./dataset_new/0e87580006e0,0.14938607892215547,0
51,./dataset_new/1ebd7e15bff4,0.19788001719833026,0
52,./dataset_new/2bb3708b72c6,0.7571607115935565,1
53,./more_negative_data_converted_uid/f048e0f49448,0.05048698943919531,0
54,./dataset_new/0d32c34766ce,0.24785342441881514,0
55,./more_negative_data_converted_uid/411040f92bee,0.18405529279328384,0
56,./dataset_new/0d4d8f978a03,0.21532882395433472,0
57,./more_negative_data_converted_uid/978dd299ca0f,0.4169017024831507,0
58,./more_negative_data_converted_uid/acd7c0249025,0.6597747434188203,0
59,./dataset_new/0a99b12d2dd0,0.20558091655385471,0
60,./dataset_new/1a2ae40f9855,0.6322859021081696,0
61,./dataset_new/0ce5595221b3,0.7750722835791676,1
62,./dataset_new/4063e5cf8e54,0.8452758322367925,1
63,./dataset_new/0cac69bb46f6,0.14253633686207334,0
64,./dataset_new/0bf0a0a35537,0.17418335331089477,0
65,./dataset_new/4350df849660,0.6520321145985187,1
66,./more_negative_data_converted_uid/fc0e42dd1eac,0.22448018646955747,0
67,./more_negative_data_converted_uid/496d1e0c78d6,0.13942238249369626,0
68,./dataset_new/55328cb190d7,0.7782317423564311,1
69,./dataset_new/512e6f53ff99,0.7409274222059132,1
70,./more_negative_data_converted_uid/374615a74fe0,0.4904784026779969,0
71,./more_negative_data_converted_uid/673b25b2579b,0.13484098412082862,0
72,./more_negative_data_converted_uid/629d73e5b07f,0.2276948582575087,0
73,./more_data_converted_uid/f21784d26c81,0.6080345740758141,1
74,./more_negative_data_converted_uid/9a8d885808d2,0.15516162201228942,0
75,./more_negative_data_converted_uid/4128a72a2e2a,0.15989561647605896,0
76,./dataset_new/9b71f6db8b09,0.610602278439232,1
77,./dataset_new/1e2713b4df97,0.32487862499807235,0
78,./more_data_converted_uid/fe0f233228b9,0.7524972155853648,1
79,./more_negative_data_converted_uid/3c363bb02832,0.11389186418712004,0
80,./dataset_new/0a7e62775104,0.46466745221448014,0
81,./more_negative_data_converted_uid/6819bf33273d,0.41384412026325246,0
82,./dataset_new/3d74e560d76b,0.44966484058596834,1
83,./dataset_new/924407d0684e,0.6264703674947236,1
84,./more_negative_data_converted_uid/cccdb5032a9c,0.07929499714343272,0
85,./more_negative_data_converted_uid/49802d0a1686,0.3724155593554751,0
86,./dataset_new/1bdf0601628d,0.1739667718523491,0
87,./more_negative_data_converted_uid/4892282f972c,0.15524224057556274,0
88,./dataset_new/0b6ba069b8cb,0.6863549992799904,1
89,./more_data_converted_uid/35a30a17b083,0.17273014762948166,0
90,./more_negative_data_converted_uid/3cac0835bce9,0.210480712593943,0
91,./more_negative_data_converted_uid/7c34706145c0,0.23972293519270224,0
92,./more_negative_data_converted_uid/61d13822000c,0.1461816334634667,0
93,./dataset_new/1bc734f214c6,0.30960954660254075,0
94,./more_negative_data_converted_uid/e32fbf0cbbb9,0.07031326700109128,0
95,./more_data_converted_uid/d46ceb943254,0.7485658730908094,1
96,./dataset_new/3f91efb418dc,0.6219160858499402,1
97,./more_negative_data_converted_uid/11c66a8cfa48,0.32202661101910435,0
98,./more_negative_data_converted_uid/2d80010c608d,0.37914885652016145,0
99,./more_negative_data_converted_uid/402ef8adccc9,0.4003515574188959,0
100,./more_data_converted_uid/f5ac7d94ab14,0.6415461139495321,1
101,./dataset_new/13c5f5b57b20,0.6355493263838901,1
102,./more_negative_data_converted_uid/7bfbe2a94756,0.04319182336178691,0
103,./dataset_new/0de4abafe123,0.49009065500327914,0
104,./dataset_new/2bdbb2c484c1,0.43572598171907573,1
105,./more_negative_data_converted_uid/b40fc1e711de,0.1826362318871357,0
106,./more_negative_data_converted_uid/6afa794ae8e6,0.35251003057661684,0
107,./dataset_new/0c500ee18e06,0.04547178437251482,0
108,./dataset_new/1d78244141a1,0.2848682652340632,0
109,./dataset_new/0b2aa32ee30e,0.35685250838102633,0
110,./more_negative_data_converted_uid/67e5a728d9a1,0.23176439392904605,0
111,./more_data_converted_uid/35a30a17b083,0.17273014762948166,0
112,./dataset_new/0aa0bb40a3b1,0.14324916617799968,0
113,./dataset_new/1bf05abb6793,0.4625402703159527,0
114,./more_negative_data_converted_uid/7c1c8808e645,0.13482751679204127,0
115,./more_negative_data_converted_uid/efe415ccd00c,0.17421321119710684,0
116,./more_negative_data_converted_uid/a763dd6218a3,0.24768654768321582,0
117,./more_data_converted_uid/e6e185ad9539,0.8006651945892392,1
118,./more_data_converted_uid/35ab1ead637d,0.09245210564989181,0
119,./dataset_new/0f4820d4b650,0.6014226480990282,1
120,./more_negative_data_converted_uid/10d61927e93b,0.45457151334334656,0
121,./more_data_converted_uid/cddba89bbca7,0.8056181361071195,1
122,./dataset_new/0f244900ea3d,0.13491295093016922,0
123,./dataset_new/5a8d681118d8,0.5064800347894804,1
124,./more_negative_data_converted_uid/fd4b9895feaf,0.3906331506116631,0
125,./dataset_new/164e7d6d6858,0.6285307347236961,1
126,./more_negative_data_converted_uid/9a95ebf1988f,0.5816358762137408,0
127,./more_negative_data_converted_uid/cc8e6ebea209,0.26662398658008296,0
128,./more_negative_data_converted_uid/a778ccae6d4a,0.21483636467471967,0
129,./more_negative_data_converted_uid/cbc52f076338,0.28356587820705065,0
130,./more_data_converted_uid/e0deb4d6622b,0.7717958159893961,1
131,./dataset_new/0fe9dab925ea,0.2830782035054479,0
132,./dataset_new/03a83be9d549,0.3116953047398214,0
133,./more_negative_data_converted_uid/2d1f114ff9d3,0.19619482522336412,0
134,./more_negative_data_converted_uid/3b359662039e,0.5345062972272939,0
135,./dataset_new/79ab2d5572c2,0.4957061709296566,1
136,./more_negative_data_converted_uid/9a75404969a1,0.11888671836307939,0
137,./more_negative_data_converted_uid/f78cca570dc3,0.15637668361033605,0
138,./more_data_converted_uid/f8552dcfaac7,0.17367578874949477,0
139,./more_negative_data_converted_uid/9a737c8795d4,0.17531996470646366,0
140,./more_negative_data_converted_uid/65ece768fb73,0.04340677845947846,0
141,./more_negative_data_converted_uid/b63ae5f2cbc1,0.5917496699391038,0
142,./more_negative_data_converted_uid/31413000b710,0.1057273431696239,0
143,./more_negative_data_converted_uid/cc9c94e04801,0.3728170093029612,0
144,./more_negative_data_converted_uid/5902bd88154a,0.15727800180797324,0
145,./more_data_converted_uid/d1951fd523cd,0.6285325819411058,1
146,./dataset_new/7575265939c4,0.6819166926452401,1
147,./more_negative_data_converted_uid/4063863596ff,0.4277462437927103,0
148,./dataset_new/af4e6421d052,0.5492119066062484,1
149,./dataset_new/0ecb2d312ba2,0.23197764514118066,0
150,./more_negative_data_converted_uid/672871a5c096,0.3425394192140427,0
151,./more_negative_data_converted_uid/9a2e1abe0c84,0.23645087836348133,0
152,./more_negative_data_converted_uid/371e59aa8a64,0.1697156367249479,0
153,./dataset_new/1d8c0967ea08,0.07329298605245281,0
154,./more_negative_data_converted_uid/abdf876f5d1b,0.3528237388995674,0
155,./dataset_new/1b5290afd4b1,0.2530643686632715,0
156,./dataset_new/91a5b31f8272,0.551845034122705,1
157,./more_negative_data_converted_uid/3121790d29a8,0.29016039990426434,0
158,./more_negative_data_converted_uid/e403781e8396,0.20932589039558125,0
159,./dataset_new/9ab7cabf4d24,0.6262335139180922,1
160,./more_data_converted_uid/35066ff81248,0.21427587620922053,0
161,./dataset_new/0ee5a821fe31,0.48961079097371224,0
162,./dataset_new/1a8205cfbf41,0.1715450047055896,0
163,./more_negative_data_converted_uid/62ad3fdd5782,0.17603550706739796,0
164,./dataset_new/02c4f640f4ec,0.29420451348703497,0
165,./dataset_new/1dd06d85d5b3,0.2964879587340322,0
166,./more_negative_data_converted_uid/a83d58ccb5c8,0.15760441820574975,0
167,./more_negative_data_converted_uid/a7533611647c,0.1869123433185171,0
168,./dataset_new/1087ba22e484,0.7351060782789692,1
169,./more_negative_data_converted_uid/efd8f8bcdc9c,0.14979125372582497,0
170,./more_negative_data_converted_uid/3aed95a9906c,0.3089231205935782,0
171,./more_negative_data_converted_uid/66eafcbe45cb,0.30484001200570854,0
172,./more_negative_data_converted_uid/65deb3107eb0,0.48301266340067706,0
173,./more_negative_data_converted_uid/3c5c2f720796,0.20930954830631016,0
174,./more_negative_data_converted_uid/31f3faecb341,0.2790702365342002,0
175,./more_negative_data_converted_uid/62ca64a5640f,0.14568584614504562,0
176,./more_negative_data_converted_uid/95abce600aff,0.15090416627584158,0
177,./more_negative_data_converted_uid/fc0acc6b5f61,0.1316833361790759,0
178,./more_negative_data_converted_uid/30f29cfda320,0.4829555406890574,0
179,./dataset_new/2b363f6cfd3d,0.2917377850544091,0
180,./dataset_new/211d40c9b233,0.6315372211852426,1
181,./more_negative_data_converted_uid/30fe11b1b8b7,0.06366990733570488,0
182,./dataset_new/46b29b8e73aa,0.6905636442068298,1
183,./more_negative_data_converted_uid/2ce795b9f66a,0.08222316755053878,0
184,./dataset_new/1d6a6a29e690,0.2637893494838268,0
185,./dataset_new/556c1db755de,0.47770562850344084,1
186,./more_negative_data_converted_uid/9a72f1806c33,0.07169293263298687,0
187,./more_negative_data_converted_uid/f00a87ed6182,0.5081796634189041,0
188,./more_data_converted_uid/cddba89bbca7,0.8056181361071195,1
189,./more_data_converted_uid/f8b63ba5cb19,0.3575099452502631,0
190,./dataset_new/0d84372631c7,0.6443979236352455,0
191,./more_negative_data_converted_uid/48cebe81c11d,0.3219257509937681,0
192,./dataset_new/5748e6bd896b,0.4070260686159932,1
193,./more_negative_data_converted_uid/7c57df20490f,0.17013158977491658,0
194,./more_negative_data_converted_uid/a72b70b1c54d,0.05055604822304195,0
195,./more_negative_data_converted_uid/2cc1b53da26a,0.31470509455890566,0
196,./dataset_new/1cec71759f14,0.5218762971070291,0
197,./dataset_new/0f606619bdfd,0.3417835229796441,0
198,./more_negative_data_converted_uid/cd528121589b,0.4147818615790225,0
199,./more_negative_data_converted_uid/4a113a240079,0.23886348267526045,0
200,./more_negative_data_converted_uid/e404770623c0,0.20684315846055285,0
201,./dataset_new/5002bc5c3588,0.44826003366519307,1
202,./more_negative_data_converted_uid/fc7badc62966,0.5731311045141386,0
203,./more_negative_data_converted_uid/108d5f18f42f,0.42051638604479047,0
204,./more_negative_data_converted_uid/95e50b4ae34e,0.26655527710160526,0
205,./more_data_converted_uid/3583a806db2d,0.12673696522469746,0
206,./more_negative_data_converted_uid/40bcfd17bc77,0.13849139014877757,0
207,./dataset_new/47bb15aee528,0.7326284219000588,1
208,./dataset_new/063befc18c01,0.8203249848588224,1
209,./dataset_new/7bb2dfb731d8,0.7438525622388192,1
210,./dataset_new/1fbac6d66ae6,0.16003958628935946,0
211,./more_negative_data_converted_uid/6bfb633383f1,0.0668923532276073,0
212,./more_negative_data_converted_uid/58f58e7f2cc7,0.2406912561857478,0
213,./more_negative_data_converted_uid/621e4557dfbd,0.2575540329317633,0
214,./dataset_new/0f5251f3f77c,0.39577143555312333,0
215,./more_negative_data_converted_uid/a7b29401b84d,0.31001352991328646,0
216,./dataset_new/1d310831b2d4,0.2510009069037732,0
217,./more_negative_data_converted_uid/9a9f0e7f0c2b,0.2280897637346525,0
218,./more_negative_data_converted_uid/a7ef380f88ec,0.597502152869239,0
219,./more_negative_data_converted_uid/669934e53d10,0.41625015105747737,0
220,./more_negative_data_converted_uid/acbd20f2e9ad,0.13122044870891675,0
221,./more_negative_data_converted_uid/7caa4420c3c8,0.22051262852248396,0
222,./more_negative_data_converted_uid/cc20f60defa5,0.1142520969489917,0
223,./more_data_converted_uid/f8667a40f661,0.16628322365304996,0
224,./more_negative_data_converted_uid/62b9d15dce39,0.33805250169604256,0
225,./more_negative_data_converted_uid/a7cdd4d2c946,0.30513595569869,0
226,./more_negative_data_converted_uid/ef9b7e970aeb,0.42642312641931895,0
227,./more_data_converted_uid/34de5db65448,0.3082021472314623,0
228,./more_negative_data_converted_uid/cc3326f6a216,0.06605081768395615,0
229,./more_negative_data_converted_uid/b63bc360aec5,0.15988356321665376,0
230,./more_negative_data_converted_uid/3245558e48e2,0.1626927891259674,0
231,./more_negative_data_converted_uid/ccedf4423cd1,0.4251883785921421,0
232,./more_negative_data_converted_uid/a88e8d1e626f,0.20862414956090486,0
233,./more_negative_data_converted_uid/95e01b13a16f,0.36642370003087793,0
234,./more_data_converted_uid/358aa319f8b7,0.219987828106773,0
235,./more_negative_data_converted_uid/94f11d1f56ec,0.2740080414894318,0
236,./dataset_new/2a05a4093ee2,0.13489781571184956,0
237,./more_negative_data_converted_uid/57b50109d65e,0.20419218494492114,0
238,./more_negative_data_converted_uid/408f0fd9e8c4,0.3535600394482168,0
239,./more_negative_data_converted_uid/b59e47bf964f,0.23565593571396803,0
240,./more_negative_data_converted_uid/fbe13dbf449c,0.3904003959248945,0
241,./more_negative_data_converted_uid/7cc9f52f8b12,0.7003034317995342,0
242,./more_negative_data_converted_uid/40e81f77bec5,0.16048003482790105,0
243,./dataset_new/1d11d20c2d63,0.7675094514716843,1
244,./more_data_converted_uid/e9c21170a59f,0.5400739085596394,1
245,./more_negative_data_converted_uid/34b9a657b5e3,0.42732451948471584,0
246,./dataset_new/4380c545950a,0.6844718129936173,1
247,./more_negative_data_converted_uid/cd4cbe328275,0.28625812483378943,0
248,./dataset_new/1e5db18f5e7e,0.6321172450420495,0
249,./more_negative_data_converted_uid/4021f3c43056,0.5166595725108508,0
250,./more_negative_data_converted_uid/9576d55f2051,0.278004952843845,0
251,./more_negative_data_converted_uid/491d4fb3b87f,0.18707489245680634,0
252,./dataset_new/1666576f9112,0.7547395217225091,1
253,./more_negative_data_converted_uid/31e9c99d3cd5,0.24674559213394734,0
254,./more_negative_data_converted_uid/678cfc41f0dc,0.2815596955677447,0
255,./dataset_new/0f69e1072b3f,0.5437453059154241,0
256,./more_negative_data_converted_uid/62a77ef402d1,0.33236170237124907,0
257,./dataset_new/02d5184ce107,0.24205217396780668,0
258,./dataset_new/217613e37e49,0.6511098636177387,1
259,./more_negative_data_converted_uid/623307159f32,0.42524137942275936,0
260,./more_negative_data_converted_uid/cbe292771e45,0.2241773779205909,0
261,./more_negative_data_converted_uid/f14daf4876d4,0.06872371842616203,0
262,./more_negative_data_converted_uid/6bb1e0923152,0.1932672900017038,0
263,./dataset_new/1cc61e6e0233,0.40928122487194174,0
264,./dataset_new/1b8be48c3812,0.06624280937506215,0
265,./more_negative_data_converted_uid/3f55be4fea41,0.2889264523563375,0
266,./dataset_new/2a104ced80af,0.47147809238779637,0
267,./more_negative_data_converted_uid/10e97c6cb38d,0.09185952262777677,0
268,./dataset_new/483da33fc405,0.6319275432236525,1
269,./more_negative_data_converted_uid/e3c92467d545,0.2895944247892267,0
270,./dataset_new/17a6ac5f8dd0,0.6614011711259745,1
271,./dataset_new/1c47c098488b,0.23101038788953387,0
272,./dataset_new/5f3a96b9839c,0.5262707060211753,1
273,./dataset_new/1b792d371449,0.4057171949506174,0
274,./more_negative_data_converted_uid/a7545a2d56e1,0.05946518813715389,0
275,./dataset_new/0e90e666674f,0.2941991343343499,0
276,./more_negative_data_converted_uid/ac04bbb10b68,0.3122541511076161,0
277,./more_negative_data_converted_uid/b5b2fb78ccb3,0.2948442336637678,0
278,./more_negative_data_converted_uid/b490b32cfae2,0.250975222288149,0
279,./more_negative_data_converted_uid/7d0758c2e851,0.38986480972256,0
280,./more_negative_data_converted_uid/4a674d5ad809,0.25032860215656466,0
281,./more_negative_data_converted_uid/6c08904c3286,0.09968655918587455,0
282,./more_negative_data_converted_uid/58f18fc7e0e4,0.2427225276850765,0
283,./more_negative_data_converted_uid/1223df7464fe,0.12231187083194776,0
284,./more_negative_data_converted_uid/7c332a0742b7,0.338190798194491,0
285,./dataset_new/8877e4d12ce9,0.3715862912614702,1
286,./dataset_new/0cd65962d713,0.12533583885256105,0
287,./more_negative_data_converted_uid/b482d5aeb09d,0.2355777390308405,0
288,./more_negative_data_converted_uid/9a176cbad68d,0.31767656668963723,0
289,./dataset_new/27077adf82e5,0.7944668374095203,1
290,./dataset_new/56c8249fbdfe,0.723855442954385,1
291,./more_negative_data_converted_uid/4084368131bf,0.2603316175433046,0
292,./more_negative_data_converted_uid/fc6fe11ffe97,0.6589945904670381,0
293,./dataset_new/18cfc0e7b651,0.7416346454433278,1
294,./dataset_new/2a40207e468c,0.2683127601518236,0
295,./more_negative_data_converted_uid/f89e84d20e8e,0.1899845249901725,0
296,./more_negative_data_converted_uid/31a889503122,0.12293011782362097,0
297,./more_negative_data_converted_uid/5824aed5cc48,0.10443022864426693,0
298,./dataset_new/1bcb279e697f,0.1753401155434064,0
299,./dataset_new/67dfff9fbd83,0.697693689688342,1
300,./more_negative_data_converted_uid/3f9881cb6d98,0.4153001558661258,0
301,./more_negative_data_converted_uid/95124e5000a2,0.17481772615556257,0
302,./more_negative_data_converted_uid/966bf86d8c3e,0.1951473911651545,0
303,./more_negative_data_converted_uid/3b9d31ed9711,0.5822502728405962,0
304,./more_negative_data_converted_uid/3269fa4ef251,0.22894409708296146,0
305,./more_negative_data_converted_uid/2d0039bf923a,0.3880034206654367,0
306,./more_negative_data_converted_uid/b4d03b25c496,0.07856218773994739,0
307,./dataset_new/2aba5205ab64,0.12167282992187235,0
308,./dataset_new/1bfae6aa39d7,0.21749266901296252,0
309,./more_negative_data_converted_uid/3b7d0bc56af7,0.19268220144977216,0
310,./more_negative_data_converted_uid/6b546b60c03c,0.39405221328441337,0
311,./dataset_new/0da40388f032,0.6323102454455335,0
312,./dataset_new/90888f3875d4,0.48728259349492153,1
313,./dataset_new/2a62d4e7eb32,0.19054857120233318,0
314,./more_data_converted_uid/d41b376f6d0f,0.6939894129812539,1
315,./more_negative_data_converted_uid/3bc2b8577d53,0.1536664158685353,0
316,./dataset_new/0d7a68ea2198,0.24176520548392336,0
317,./dataset_new/1e586e5ba940,0.25473056171382685,0
318,./more_negative_data_converted_uid/fccc73d65522,0.2647347718663822,0
319,./more_negative_data_converted_uid/65df51153cc7,0.3612195456093228,0
320,./dataset_new/4b818ab86f1d,0.6846304853100937,1
321,./more_negative_data_converted_uid/9a44b1b53a44,0.23517552574102354,0
322,./more_negative_data_converted_uid/7bf47804bef5,0.570271533666031,0
323,./dataset_new/0a2f305e235e,0.2986240992874483,0
324,./more_negative_data_converted_uid/f116d46eac42,0.18258168578941875,0
325,./more_negative_data_converted_uid/ac165402624b,0.23190874649482573,0
326,./more_data_converted_uid/f7b020994900,0.25246986891161244,0
327,./dataset_new/1db7c9479e7e,0.6688006690744507,1
328,./more_negative_data_converted_uid/f0415bbcc18d,0.21334777824941525,0
329,./more_data_converted_uid/d24902cc3c42,0.6415226903384919,1
330,./dataset_new/17440bde1604,0.6335325468716569,1
331,./dataset_new/7e75a8a0e09a,0.7160197869353815,1
332,./more_negative_data_converted_uid/3805cd19a317,0.1349549000208884,0
333,./dataset_new/0cf63a132c65,0.2600066028973707,0
334,./more_negative_data_converted_uid/4a7bd112ae3e,0.17522724361157876,0
335,./more_negative_data_converted_uid/fc5bf7b0378d,0.1254802140861188,0
336,./dataset_new/5b8fc6a0fed2,0.771015249748353,1
337,./more_negative_data_converted_uid/fce8f0868e81,0.2856716262988235,0
338,./dataset_new/1b8087c16bf6,0.1845467272853985,0
339,./more_negative_data_converted_uid/a6d904d75220,0.4534658529489395,0
340,./more_negative_data_converted_uid/49ca030547a0,0.1875223332354573,0
341,./more_negative_data_converted_uid/ac8359e445ff,0.5198328596212031,0
342,./more_negative_data_converted_uid/6af24f063c71,0.45233718447784804,0
343,./dataset_new/9a504bef531e,0.6873134335423096,1
344,./dataset_new/63545463702e,0.7718120464362086,1
345,./more_negative_data_converted_uid/9a5dbec0f2b0,0.21073085394527183,0
346,./more_data_converted_uid/e0deb4d6622b,0.7717958159893961,1
347,./dataset_new/a5c9fca62339,0.7143773006844895,1
348,./more_data_converted_uid/ee9efe094804,0.5663539566641012,1
349,./dataset_new/3e66ea19ebc6,0.6486146465016849,1
350,./more_negative_data_converted_uid/3ac359a15511,0.11698174330668829,0
351,./more_negative_data_converted_uid/3caf4adfde9f,0.1520194624319887,0
352,./dataset_new/1cb343cead97,0.5413802862502534,0
353,./more_negative_data_converted_uid/415862e76121,0.20358126593812695,0
354,./dataset_new/341fe00f5d6a,0.6011453666686627,1
355,./more_negative_data_converted_uid/cc83769bea32,0.26677198271381686,0
356,./dataset_new/2b35f5d2b8dd,0.4829288969501265,0
357,./more_negative_data_converted_uid/ac1a0d252c77,0.201758114389824,0
358,./more_negative_data_converted_uid/a7fb6694c019,0.33373112658545767,0
359,./more_negative_data_converted_uid/37e2440e2c03,0.2622958905604716,0
360,./dataset_new/11d72386d1eb,0.5227626780523547,1
361,./dataset_new/1a947f2d49f3,0.15838052455330132,0
362,./more_negative_data_converted_uid/9a8c5de9ad04,0.29691881994352176,0
363,./more_negative_data_converted_uid/6b62a2d9833e,0.14956160932215748,0
364,./more_negative_data_converted_uid/6232f1e745d7,0.1717609242038643,0
365,./more_negative_data_converted_uid/cac33a132b25,0.40054681573270473,0
366,./more_negative_data_converted_uid/ccd3fcb73cca,0.43581071785902153,0
367,./dataset_new/1bb5ec402881,0.32303424058311664,0
368,./more_negative_data_converted_uid/3fead11ef39f,0.41825913734739245,0
369,./dataset_new/1b466f3e8417,0.24795868941571889,0
370,./more_negative_data_converted_uid/ac8db3500726,0.46632959009777464,0
371,./more_data_converted_uid/d1a7d3c11e4b,0.5601731495474787,1
372,./more_data_converted_uid/f834d9c32089,0.06999381179343005,0
373,./more_negative_data_converted_uid/3c516b0d19ec,0.3981249007387121,0
374,./more_negative_data_converted_uid/7d09badb33af,0.248549536303876,0
375,./dataset_new/92285b99a47d,0.6031524215154507,1
376,./dataset_new/38541d301e71,0.5085795647602266,1
377,./more_negative_data_converted_uid/7c20c92f2f84,0.2510881723255742,0
378,./more_negative_data_converted_uid/a6a038ead6f2,0.11526843191337872,0
379,./dataset_new/1d4d7d354e5b,0.19088255295320114,0
380,./more_negative_data_converted_uid/10b3329ce108,0.4007137309596162,0
381,./more_negative_data_converted_uid/37a28f30354a,0.566297032771758,0
382,./dataset_new/befdbb2e5463,0.6510122363049092,1
383,./dataset_new/2322dc337047,0.5501141603079955,1
384,./more_negative_data_converted_uid/65def6f0947d,0.09754717980898282,0
385,./more_negative_data_converted_uid/67213562ce77,0.17976864446707608,0
386,./more_data_converted_uid/5e7b5e63532c,0.5312339763725418,1
387,./dataset_new/35611b86881b,0.7607736802183459,1
388,./more_negative_data_converted_uid/e3ed449720c3,0.3061771642253628,0
389,./more_data_converted_uid/d5af0ec04849,0.5356490387127488,1
390,./more_negative_data_converted_uid/3ae382a5e345,0.2835388562722487,0
391,./more_negative_data_converted_uid/498dfe2e0077,0.11456321590375866,0
392,./dataset_new/2156e8726b24,0.7000150144325481,1
393,./more_negative_data_converted_uid/cc80db0a68d4,0.659948471862778,0
394,./dataset_new/76ed03625431,0.5990980534198567,1
395,./dataset_new/0d33908d6791,0.3803154530351878,0
396,./dataset_new/1f3c0d2afef0,0.17963469750677713,0
397,./more_negative_data_converted_uid/a7510dd8f046,0.3330657200491352,0
398,./more_negative_data_converted_uid/388df4241874,0.31366212601441384,0
399,./dataset_new/7d060c8f822e,0.6509102418365383,1
400,./more_negative_data_converted_uid/381c15765ede,0.2898139335000349,0
401,./dataset_new/9414248f8aae,0.7902448875889461,1
402,./dataset_new/0a3ec734d095,0.43124992269800294,0
403,./more_negative_data_converted_uid/2cfce70db577,0.2053116315707385,0
404,./more_negative_data_converted_uid/e31608ee28f4,0.40811925361770846,0
405,./dataset_new/0f137e334eb3,0.31051690360112116,0
406,./dataset_new/2b1c7c8ee56d,0.44374582114690725,0
407,./more_negative_data_converted_uid/9a3086d22cd3,0.16615002440484156,0
408,./dataset_new/88c5783b89bd,0.5571552330311703,1
409,./dataset_new/0f0fb8cd3ee9,0.17017217905256765,0
410,./dataset_new/0b2ec86db8d5,0.37606179909400267,0
411,./dataset_new/0a0a13b285d3,0.15544554485902218,0
412,./more_negative_data_converted_uid/10f7dd24d698,0.4642718602759606,0
413,./more_negative_data_converted_uid/e2ddf8a83fc8,0.3057701661402362,0
414,./more_negative_data_converted_uid/37b5da7f45c2,0.5180490610688523,0
415,./more_negative_data_converted_uid/efeb3c15a156,0.28346780713290437,0
416,./more_negative_data_converted_uid/123ccbf819ec,0.27573444628847477,0
417,./more_negative_data_converted_uid/2d3d96e4d3be,0.1899099945014447,0
418,./more_negative_data_converted_uid/404b0e7ebb14,0.21461693062156645,0
419,./dataset_new/3b8cfce60596,0.7129480287950503,1
420,./dataset_new/9b83fb738b05,0.4785356207943622,1
421,./dataset_new/7f79534db8fb,0.7124166323795466,1
422,./more_negative_data_converted_uid/4013ee8fb63c,0.22894618302017725,0
423,./more_data_converted_uid/dc81a71041a3,0.58264881728543,1
424,./more_negative_data_converted_uid/e2fd47e0bf00,0.09760495813696135,0
425,./more_negative_data_converted_uid/31a23f30d142,0.49670223413939785,0
426,./dataset_new/0d84b58410d9,0.24540769962917092,0
427,./dataset_new/2e216ee25d88,0.7760959217885337,1
428,./dataset_new/686e1f091780,0.8346060482704994,1
429,./dataset_new/01ad9c0a8bb6,0.24555438472617627,0
430,./more_data_converted_uid/f77daf008215,0.39931635891062206,0
431,./more_negative_data_converted_uid/a724fbb81ff4,0.3288457979087414,0
432,./more_negative_data_converted_uid/a6a7b6822be2,0.19413198021535075,0
433,./more_negative_data_converted_uid/58aad3518617,0.19460072000550266,0
434,./more_negative_data_converted_uid/496484a844bb,0.29769886428272807,0
435,./more_data_converted_uid/fb54973d9654,0.6622163704213928,1
436,./dataset_new/1c8f85ae1369,0.21021745859992705,0
437,./dataset_new/9b8be5d165d5,0.733350736088153,1
438,./more_negative_data_converted_uid/5899ad15d81b,0.45437574427797456,0
439,./more_negative_data_converted_uid/11c3e785f3d2,0.32768089653504234,0
440,./more_negative_data_converted_uid/630b01ca3288,0.24886131751224144,0
441,./dataset_new/0516401c7144,0.6123301469594437,1
442,./more_data_converted_uid/355f20f3c585,0.40405548790976764,0
443,./more_data_converted_uid/d1951fd523cd,0.6285325819411058,1
444,./dataset_new/2a550d7ce524,0.26305317699722297,0
445,./dataset_new/1acba88f28f2,0.12806078863098552,0
446,./more_data_converted_uid/34a5b0b544c8,0.4707290386958668,0
447,./more_negative_data_converted_uid/323612d3289b,0.21584673454046302,0
448,./dataset_new/ab2f1b486883,0.7907607961747022,1
449,./dataset_new/1e43b753856b,0.48123479964194205,0
450,./dataset_new/1c5e8d5cd811,0.24668076945796927,0
451,./dataset_new/2a87a845bbd0,0.280627246290305,0
452,./more_negative_data_converted_uid/30fa7d040004,0.14074824356893606,0
453,./dataset_new/2c8010668492,0.777346277120023,1
454,./more_negative_data_converted_uid/9a1b2ff451ee,0.5247819787246936,0
455,./dataset_new/057722f4b61d,0.6937951542942781,1
456,./more_negative_data_converted_uid/2d61ea8d2e4e,0.11891317767883151,0
457,./dataset_new/41936aee0436,0.6409604718590242,1
458,./dataset_new/34a691fa3802,0.3686121427357,1
459,./dataset_new/2a8d1a49d462,0.23808962180452597,0
460,./dataset_new/0cdb6c46e9a2,0.19831549515448516,0
461,./more_data_converted_uid/3510c0866f2b,0.13553489250078038,0
462,./more_negative_data_converted_uid/b4d74ae43469,0.18370000707496836,0
463,./more_negative_data_converted_uid/624da1f3f65b,0.3319292799801883,0
464,./dataset_new/61a2008e6f56,0.6084157550964119,1
465,./more_negative_data_converted_uid/3bacbbb8f70e,0.13648642897074065,0
466,./more_negative_data_converted_uid/a7e6ebd13d68,0.28462146650782577,0
467,./more_negative_data_converted_uid/3aa315e721cd,0.30511494897150115,0
468,./dataset_new/257ca559d842,0.5336404831534138,1
469,./dataset_new/2b683d683f7b,0.06761268463364721,0
470,./dataset_new/4f993af9e9d0,0.4473669330621608,1
471,./more_negative_data_converted_uid/efcf38ef064c,0.14059424760326938,0
472,./dataset_new/0e5ca99d3c3c,0.16114139285736104,0
473,./dataset_new/1e4c2a19e9d7,0.2509552620845304,0
474,./dataset_new/1b572b1dc61a,0.5902142777980065,0
475,./more_data_converted_uid/35a90db1dd46,0.2891632813083424,0
476,./more_negative_data_converted_uid/5911d9310831,0.09755442062181906,0
477,./dataset_new/52b7cfeb9cd6,0.6384889467761993,1
478,./more_negative_data_converted_uid/955fe9971f39,0.2642189412776371,0
479,./more_negative_data_converted_uid/57e3520a9db2,0.36506469572722267,0
480,./more_negative_data_converted_uid/b42241c962d5,0.1797753832796258,0
481,./more_negative_data_converted_uid/a8897f3b201e,0.42181529465573336,0
482,./dataset_new/132169009aa1,0.6562350585649638,1
483,./more_negative_data_converted_uid/9a661ef2f872,0.21986948809877138,0
484,./more_negative_data_converted_uid/1136cee9f548,0.17556270507287286,0
485,./dataset_new/00db3d2fb274,0.2673261507776251,0
486,./dataset_new/1e0d299a3bd0,0.11516226489665629,0
487,./more_negative_data_converted_uid/630c58855a04,0.2316359563762083,0
488,./dataset_new/67cfed922ab1,0.704195989835993,1
489,./dataset_new/0a6aee5c54ed,0.2061291190925081,0
490,./more_negative_data_converted_uid/e36dc21975c2,0.3171001541681975,0
491,./more_negative_data_converted_uid/63747b944abb,0.5528406241034794,0
492,./dataset_new/8898e42dae41,0.6305159937533894,1
493,./dataset_new/6816d8d7748c,0.5322518905454899,1
494,./dataset_new/1e526c8eff83,0.2627557222844645,0
495,./dataset_new/4302a80d011e,0.5715859960242701,1
496,./more_negative_data_converted_uid/1247c6983dd8,0.24873817466691586,0
497,./more_negative_data_converted_uid/94fe1a54caa0,0.05347072698100686,0
498,./dataset_new/02d40e2c4cde,0.5817932116580947,1
499,./dataset_new/1f9a537d20e5,0.18461810280339885,0
500,./more_negative_data_converted_uid/f0a3ba8546eb,0.1539310758046738,0
501,./more_negative_data_converted_uid/11ad11ceb7b3,0.19150542822452243,0
502,./more_negative_data_converted_uid/40e275d3e1f8,0.7783457350004478,0
503,./dataset_new/1bc1632e6d40,0.36631905810320653,0
504,./dataset_new/17dc5169a306,0.4887915107426242,1
505,./dataset_new/0b8a944a9619,0.08126695081138507,0
506,./dataset_new/4648d9b720ca,0.5725738885514489,1
507,./dataset_new/00810cd10c8e,0.5945593054269049,1
508,./more_negative_data_converted_uid/b4eb056d40ef,0.6309406687830988,0
509,./more_negative_data_converted_uid/b669ed2adaed,0.5551509007878125,0
510,./dataset_new/0eab317d7f3d,0.07865956575438149,0
511,./more_negative_data_converted_uid/322dc8f7b873,0.17270216178382727,0
512,./dataset_new/6807a80899df,0.5837458126191727,1
513,./more_negative_data_converted_uid/b58dc915ee78,0.26274049486074924,0
514,./more_data_converted_uid/83e2cff06acf,0.7677727687811788,1
515,./more_negative_data_converted_uid/309e1f6e5bd2,0.4213271303836737,0
516,./more_negative_data_converted_uid/3250d62bbe8e,0.4194766016127138,0
517,./dataset_new/1e86b35cfb7e,0.5666895210659105,0
518,./more_negative_data_converted_uid/3091a3fd7188,0.0596925571066394,0
519,./more_negative_data_converted_uid/2d3640965787,0.3023139218927541,0
520,./more_data_converted_uid/f8e1fa7aaffb,0.3192349999436949,0
521,./more_negative_data_converted_uid/3b2607c7d0d1,0.3182623715736154,0
522,./more_negative_data_converted_uid/fbddf85cab06,0.2812201621881885,0
523,./dataset_new/1fb0be243038,0.1186632353681446,0
524,./more_negative_data_converted_uid/4a1b93c0bcff,0.269288693734661,0
525,./more_data_converted_uid/f86f183302ea,0.14154953894926875,0
526,./dataset_new/0f71615d6b46,0.3855583702332702,0
527,./more_negative_data_converted_uid/31cffc8eac45,0.26329267715063404,0
528,./more_negative_data_converted_uid/f7ff97cda096,0.2455408444486663,0
529,./more_negative_data_converted_uid/e4514ede6df3,0.49956324146369424,0
530,./more_negative_data_converted_uid/6b117d900c91,0.4880523164612999,0
531,./more_negative_data_converted_uid/497d1de073d8,0.11986273770299555,0
532,./dataset_new/0eff58fe4d68,0.11972753708245122,0
533,./more_negative_data_converted_uid/abb2e8fdde54,0.633986140285253,0
534,./more_negative_data_converted_uid/4a1d58848a14,0.03368528641984702,0
535,./more_negative_data_converted_uid/abdaf4560f19,0.14044150983100026,0
536,./more_negative_data_converted_uid/3522b68812d7,0.07002744117882641,0
537,./dataset_new/7ab648b812fe,0.701931394049409,1
538,./more_negative_data_converted_uid/4ad33700acc6,0.26949907180401145,0
539,./dataset_new/2914d472e3e8,0.6504534287095531,1
540,./more_negative_data_converted_uid/abb1cd302742,0.6015328261349959,0
541,./more_negative_data_converted_uid/63518889e2ce,0.15450084072400552,0
542,./dataset_new/92ed5ba6c737,0.7198620868140384,1
543,./more_negative_data_converted_uid/97532a996560,0.4674162665206859,0
544,./more_negative_data_converted_uid/b54fc577e735,0.3212397139161714,0
545,./more_negative_data_converted_uid/3c2baf05a841,0.06698236427724416,0
546,./dataset_new/8ee7a4038a58,0.7440781686972444,1
547,./dataset_new/2a4ab20d1ee5,0.4228990231571261,0
548,./more_negative_data_converted_uid/49d2b07a8f09,0.36008802286677516,0
549,./more_negative_data_converted_uid/e2dd2d469a26,0.15879633538957416,0
550,./more_negative_data_converted_uid/6214873de940,0.08205143763913149,0
551,./more_negative_data_converted_uid/578117e46640,0.2851244847795082,0
552,./more_negative_data_converted_uid/b5fe2dbe0531,0.28119820344950947,0
553,./dataset_new/59a5a9174056,0.6085921233942487,1
554,./dataset_new/a022a29c54ab,0.6455736979847484,1
555,./more_data_converted_uid/e01067ff96c7,0.74017032311455,1
556,./dataset_new/740211bf61cf,0.6664881371968855,1
557,./more_data_converted_uid/34a4095fc642,0.220428676265878,0
558,./more_negative_data_converted_uid/11ce64713a0b,0.35844638788033234,0
559,./dataset_new/1f53ae05426f,0.19644571874161149,0
560,./more_data_converted_uid/cb69c0cc11b8,0.4379943656063417,0
561,./dataset_new/02e428842395,0.7533114361762068,1
562,./dataset_new/0a6eeb26a06b,0.20397419689602705,0
563,./dataset_new/0f8e58301698,0.12766766156317166,0
564,./dataset_new/8d3193e4a097,0.7811232225231405,1
565,./more_negative_data_converted_uid/4a788850e7d3,0.10292536700142996,0
566,./dataset_new/3c13b7b763c4,0.4700475921298478,1
567,./dataset_new/53352a1055f0,0.7975673972471778,1
568,./more_negative_data_converted_uid/abeed2ef579a,0.39112731372797016,0
569,./more_data_converted_uid/f7b020994900,0.25246986891161244,0
570,./more_data_converted_uid/351ae33d8a48,0.5660826157776004,0
571,./dataset_new/00ef896d7132,0.26181655369546103,0
572,./dataset_new/7d42eb832a66,0.5340322475995434,1
573,./more_negative_data_converted_uid/62929b5bf178,0.2705877872032395,0
574,./dataset_new/8d515f642906,0.6994442128568769,1
575,./dataset_new/659c103e4d26,0.8259484156858226,1
576,./dataset_new/0da23d4caf48,0.0563902062764222,0
577,./dataset_new/828d807b6c1b,0.7683066760410846,1
578,./more_negative_data_converted_uid/6711bbef64ad,0.19202207964035664,0
579,./more_negative_data_converted_uid/5825bcfeeeab,0.3690752621285966,0
580,./dataset_new/0a5f29889161,0.03952605723950244,0
581,./more_negative_data_converted_uid/405b8f0d0048,0.1952542205696642,0
582,./more_negative_data_converted_uid/37b3b82a1f13,0.07593942916347927,0
583,./more_negative_data_converted_uid/625e1d655572,0.3874718287099361,0
584,./dataset_new/1feaa1bfd3e1,0.28580665490992135,0
585,./more_negative_data_converted_uid/4a3d008cf594,0.16088618217652095,0
586,./more_negative_data_converted_uid/6b711d723048,0.4472321076328633,0
587,./more_data_converted_uid/f7f85a3abbd8,0.2231105933075356,0
588,./more_negative_data_converted_uid/ac6f874fdb74,0.3600154759964333,0
589,./more_negative_data_converted_uid/7bc588065d23,0.15677611190157179,0
590,./dataset_new/0ca772e0bd48,0.2510182605291056,0
591,./dataset_new/add8695526b8,0.6134189976502905,1
592,./more_negative_data_converted_uid/7ca29defd565,0.2534517850437305,0
593,./more_negative_data_converted_uid/ac0cde61b3a3,0.09502550199207192,0
594,./dataset_new/1fc6d142193f,0.4913561490782448,0
595,./dataset_new/1a01844d12b0,0.6824128449414433,0
596,./more_negative_data_converted_uid/3bd2a369801d,0.3182107362764511,0
597,./more_negative_data_converted_uid/b39d788d78bf,0.1099024186266934,0
598,./more_negative_data_converted_uid/95f5e2f8ca76,0.2660900800284336,0
599,./more_negative_data_converted_uid/10b8cb769c06,0.46325573094900124,0
600,./dataset_new/0f09c8dcf100,0.1728231961632659,0
601,./dataset_new/1c5a457051d7,0.7451412830128874,1
602,./dataset_new/0f22fb8a11f8,0.23454520947123497,0
603,./dataset_new/63b3051f8064,0.5605621284576744,1
604,./dataset_new/0ce8f6e06822,0.14862914059818222,0
605,./more_negative_data_converted_uid/58459fbc56b3,0.4793761389221571,0
606,./dataset_new/c13ef4d1a941,0.5886746492385082,1
607,./dataset_new/1b9e61350a06,0.21175069128162705,0
608,./more_negative_data_converted_uid/40979883ce51,0.5429032752662072,0
609,./more_negative_data_converted_uid/3ae73db03153,0.3152949142762361,0
610,./more_data_converted_uid/d1efb42a555c,0.7936565586876891,1
611,./more_negative_data_converted_uid/e3044cab184b,0.3463565418206019,0
612,./more_negative_data_converted_uid/40ae2c363053,0.17033095150833216,0
613,./dataset_new/1ca1ec1811dd,0.29091722673825654,0
614,./more_negative_data_converted_uid/cc06b3288e16,0.136810595424636,0
615,./more_negative_data_converted_uid/6219099024bb,0.081035869779922,0
616,./dataset_new/03a09f42f80b,0.061992073929451275,0
617,./more_negative_data_converted_uid/6370f1878dcc,0.34336939018199,0
618,./more_negative_data_converted_uid/6775c5b03bfc,0.5935317929830515,0
619,./more_data_converted_uid/cb1b99232064,0.2819891392224342,0
620,./dataset_new/02ea3277c95d,0.1642951227391759,0
621,./more_negative_data_converted_uid/58bdebbf3f37,0.04899985223793047,0
622,./dataset_new/1cffddccd550,0.15770893558527496,0
623,./dataset_new/1acb1ba6721c,0.5608948913457944,0
624,./more_data_converted_uid/35ab1ead637d,0.09245210564989181,0
625,./dataset_new/2ad9cc911968,0.06595408990235983,0
626,./more_data_converted_uid/d46ceb943254,0.7485658730908094,1
627,./dataset_new/599fc682cf20,0.5196854776904692,1
628,./more_negative_data_converted_uid/e447285c0786,0.37629430864762425,0
629,./more_negative_data_converted_uid/1166e2520acc,0.18809786626306704,0
630,./more_negative_data_converted_uid/a802a70aab8c,0.1282072315665789,0
631,./more_negative_data_converted_uid/6768ef342b11,0.13141621773066564,0
632,./more_data_converted_uid/92c73b46858d,0.6838666651696812,1
633,./more_negative_data_converted_uid/ccdf78b6d513,0.2670473537603353,0
634,./more_data_converted_uid/f734cfc2cc63,0.1088017735274876,0
635,./more_data_converted_uid/d4874d264d8a,0.6291884560951553,1
636,./more_negative_data_converted_uid/586115efc964,0.1765957433576225,0
637,./more_negative_data_converted_uid/622737f56161,0.06622936586431832,0
638,./dataset_new/738a5904ab66,0.7012252940282899,1
639,./more_data_converted_uid/cac2ca7f8743,0.15151817194023628,0
640,./dataset_new/0fb17c1caed0,0.09245906740912391,0
641,./more_negative_data_converted_uid/7d27e979bf33,0.14216208967117355,0
642,./dataset_new/0a4452a46e2b,0.16232915139748313,0
643,./dataset_new/85ba29f3e652,0.5689504904477385,1
644,./more_negative_data_converted_uid/cc9a3406d92a,0.4010698121825306,0
645,./more_negative_data_converted_uid/4137deee66fd,0.253278818802687,0
646,./more_negative_data_converted_uid/11974290d749,0.12632695265236354,0
647,./more_negative_data_converted_uid/57e3cfcdac79,0.5322829384974954,0
648,./more_negative_data_converted_uid/ac20982732d2,0.7007667827465239,0
649,./more_negative_data_converted_uid/fd3e491130dc,0.044182790996550654,0
650,./dataset_new/629337a64ab7,0.4650707393145608,1
651,./more_data_converted_uid/cb550894f53f,0.6598822787905374,1
652,./dataset_new/8ab70b2f2fd3,0.6496401244570055,1
653,./more_negative_data_converted_uid/632dc47663b9,0.1362738423551434,0
654,./dataset_new/8942fb46dc39,0.2643862715779899,1
655,./more_negative_data_converted_uid/b4ea12208944,0.14835084149686983,0
656,./more_negative_data_converted_uid/a6d252d08f60,0.2501835533759004,0
657,./dataset_new/42a36c562e0f,0.7508166502739286,1
658,./more_data_converted_uid/f8552dcfaac7,0.17367578874949477,0
659,./more_negative_data_converted_uid/abda2d19a1ce,0.5188597829620916,0
660,./dataset_new/0e687fbffd76,0.4947914200367186,0
661,./more_negative_data_converted_uid/a73d292c8f1f,0.38691167259301795,0
662,./more_data_converted_uid/83e2cff06acf,0.7677727687811788,1
663,./more_negative_data_converted_uid/e46833879f7e,0.20869276985907295,0
664,./more_negative_data_converted_uid/fc756eca1ef2,0.3172209781045589,0
665,./more_negative_data_converted_uid/7bc4bac32ed8,0.3999751431514262,0
666,./more_data_converted_uid/fe0f233228b9,0.7524972155853648,1
667,./more_negative_data_converted_uid/aba614a6a6e1,0.36758337501519706,0
668,./dataset_new/0bfd1502f6d2,0.2692091874690202,0
669,./more_data_converted_uid/f5e736222a99,0.6441160094248933,1
670,./dataset_new/18f930260a62,0.5262335233635013,1
671,./more_negative_data_converted_uid/f113aeade9ea,0.04668950896417533,0
672,./dataset_new/9283bdc5a848,0.4886282391711198,1
673,./more_data_converted_uid/caea7c2c6912,0.5272968756765535,0
674,./more_negative_data_converted_uid/3af08a0ca01f,0.3129707920012546,0
675,./more_negative_data_converted_uid/fce288780a6c,0.1205052983048484,0
676,./dataset_new/1bf654c29957,0.4195645812260472,0
677,./more_negative_data_converted_uid/96e32e231855,0.22573986933659715,0
678,./more_negative_data_converted_uid/58663bfdb060,0.3652302829180912,0
679,./more_data_converted_uid/fb54973d9654,0.6622163704213928,1
680,./more_data_converted_uid/f8667a40f661,0.16628322365304996,0
681,./dataset_new/7ae2cb68d099,0.6065776185218844,1
682,./more_data_converted_uid/92c73b46858d,0.6838666651696812,1
683,./more_negative_data_converted_uid/116024d640a4,0.23401814660835707,0
684,./dataset_new/bf1696c8a665,0.7101299099172477,1
685,./more_negative_data_converted_uid/6263417c938d,0.10942748942809515,0
686,./more_negative_data_converted_uid/672b8328bed6,0.15552993596989442,0
687,./more_negative_data_converted_uid/3faf6b5aecb5,0.20666162352948678,0
688,./dataset_new/39272d0b0852,0.57600292512585,1
689,./dataset_new/2b73d18727c1,0.540941657770056,1
690,./dataset_new/be400214871c,0.4325329925932615,1
691,./more_data_converted_uid/3510c0866f2b,0.13553489250078038,0
692,./dataset_new/adbc0c17bd0f,0.6192081037993936,1
693,./more_negative_data_converted_uid/62c4f2c8ac62,0.47676362504881026,0
694,./more_negative_data_converted_uid/fc281d10b0ac,0.3689503328155857,0
695,./dataset_new/51a2fc604368,0.7233286005060069,1
696,./dataset_new/03a45c4f1b62,0.2689133261302193,0
697,./dataset_new/59f9cba68d02,0.800979050619599,1
698,./dataset_new/807d8f3c50f4,0.8146709567428461,1
699,./dataset_new/0f6f15e3f748,0.6744743731846816,1
700,./more_data_converted_uid/d40d67a63a10,0.4851965358685045,1
701,./dataset_new/2aefec50cf28,0.16730830746926276,0
702,./more_negative_data_converted_uid/fc5ff4e51744,0.31586710063342616,0
703,./more_negative_data_converted_uid/f901c56037bd,0.34085326497800567,0
704,./more_negative_data_converted_uid/95f86539436f,0.5375806383496723,0
705,./dataset_new/2e51e34c54d1,0.7521625119088668,1
706,./more_negative_data_converted_uid/401561577f5b,0.13198079240538538,0
707,./more_negative_data_converted_uid/325bf7b4fa1c,0.42970462953238936,0
708,./dataset_new/7a07ea3c3eb0,0.552129961207072,1
709,./more_negative_data_converted_uid/a7e201b052b5,0.1810869917534518,0
710,./dataset_new/0fdefbf34202,0.2111593030111642,0
711,./dataset_new/8a5394b43547,0.6193719920430106,1
712,./more_data_converted_uid/cb69c0cc11b8,0.4379943656063417,0
713,./more_negative_data_converted_uid/b3fd7a132b28,0.4022349542956769,0
714,./more_negative_data_converted_uid/57f8bcbef81a,0.2724767821781556,0
715,./dataset_new/0342dd405d97,0.5513610725608971,1
716,./dataset_new/0af6615830bb,0.2197798922936133,0
717,./more_data_converted_uid/f7b718864865,0.6791135774324695,0
718,./more_negative_data_converted_uid/e30829cbdfc1,0.37036864963582544,0
719,./more_negative_data_converted_uid/119c8ef007ac,0.35131738153456366,0
720,./more_negative_data_converted_uid/4a5275fc90b6,0.17780087362774658,0
721,./dataset_new/6d02ab41e6b8,0.36131971601008267,1
722,./dataset_new/8d823b75bc75,0.46648840174028566,1
723,./more_negative_data_converted_uid/3be38654b160,0.18419602589208683,0
724,./more_negative_data_converted_uid/a805e9335a6d,0.3778464338740443,0
725,./more_negative_data_converted_uid/58a462227816,0.3196115128518475,0
726,./more_negative_data_converted_uid/32484cf62f0c,0.4853468160814744,0
727,./more_negative_data_converted_uid/e361921799cb,0.16664462020511114,0
728,./dataset_new/0c3fd7b6abee,0.2895613232428105,0
729,./more_negative_data_converted_uid/b581ab95b69f,0.038543714923608315,0
730,./dataset_new/76d5474dfc82,0.5593545547766345,1
731,./more_negative_data_converted_uid/b5680cf7e512,0.27261639145699756,0
732,./dataset_new/1ec70cfa6544,0.15202521843524883,0
733,./more_negative_data_converted_uid/62c207c470c1,0.19167267715058678,0
734,./more_data_converted_uid/d268e3df432f,0.6892691708317994,1
735,./more_negative_data_converted_uid/40a330fa3f6a,0.16091956580761949,0
736,./more_negative_data_converted_uid/385db2ac7128,0.44279891168290453,0
737,./more_negative_data_converted_uid/6288b41b99ad,0.10101106762265083,0
738,./dataset_new/c05623e40891,0.4468929762191157,1
739,./dataset_new/0fe09bfd380f,0.15747280665167296,0
740,./more_data_converted_uid/f7716892f416,0.21469773986613153,0
741,./more_negative_data_converted_uid/305100ca946e,0.4420808010458232,0
742,./more_negative_data_converted_uid/6adbb98845f6,0.5329605606152685,0
743,./more_data_converted_uid/e30f52884242,0.7133866499483831,1
744,./dataset_new/9cedf4801c4c,0.7989711301734964,1
745,./more_negative_data_converted_uid/fc5d2f09a888,0.049074325961083715,0
746,./dataset_new/812ca0683d0c,0.7565306832647152,1
747,./more_negative_data_converted_uid/95b07c9b9e11,0.19416981732771674,0
748,./dataset_new/aa4ad84d4ec6,0.6753900720927991,1
749,./more_negative_data_converted_uid/38b7d64cbe27,0.2789166583094683,0
750,./more_negative_data_converted_uid/3b75396d4154,0.27297604663315644,0
751,./more_negative_data_converted_uid/b5b77cbe70ae,0.1956260930652156,0
752,./dataset_new/52a545699578,0.7380500953731852,1
753,./dataset_new/84d9be911075,0.6203344667178041,1
754,./more_negative_data_converted_uid/6bbb5c7cd8e5,0.2693620552930783,0
755,./dataset_new/1b75ce7d8032,0.4686534832100992,0
756,./more_negative_data_converted_uid/96911dcda85c,0.49549409823713675,0
757,./dataset_new/0e15edcae415,0.41653044601697753,0
758,./more_negative_data_converted_uid/fc3ccde0b910,0.2455930442490798,0
759,./dataset_new/2a59e212e16b,0.21906600502304058,0
760,./dataset_new/0ef769cce18c,0.3757224939036296,0
761,./dataset_new/885001a4cfaf,0.5367663078992295,1
762,./more_negative_data_converted_uid/66b969ed2d9e,0.08942768015583892,0
763,./dataset_new/2a8c034d5546,0.0982121685763658,0
764,./more_negative_data_converted_uid/3a998b43395d,0.34211641174742885,0
765,./dataset_new/0dd6d74ced19,0.4647403984104219,0
766,./more_negative_data_converted_uid/cc2a5bb84fd6,0.20384944674298727,0
767,./dataset_new/00d30509d24c,0.12061534566362477,0
768,./dataset_new/0ff4cf6c04f8,0.04676899560780175,0
769,./more_negative_data_converted_uid/e463f7571ffc,0.23831658157666474,0
770,./more_data_converted_uid/cafd6e007cde,0.03939007611840984,0
771,./more_data_converted_uid/f8c8d44ecd3e,0.27893049989316926,0
772,./more_negative_data_converted_uid/38ae8cdf0986,0.16251433157063525,0
773,./more_data_converted_uid/34a6db28bf6b,0.5476402731232747,0
774,./more_negative_data_converted_uid/3b9aff38b500,0.04774939089096461,0
775,./dataset_new/1e048152f15d,0.15365565063185124,0
776,./more_negative_data_converted_uid/671392870bb4,0.40747857095383366,0
777,./more_negative_data_converted_uid/387d1fc6ddb6,0.28644156218954686,0
778,./more_negative_data_converted_uid/b4c7e51fc056,0.04216576282610549,0
779,./more_negative_data_converted_uid/407236f5a5f0,0.29348262391583974,0
780,./dataset_new/6953650553a7,0.5548407815818907,1
781,./more_negative_data_converted_uid/30e44a38e092,0.30831811639635637,0
782,./more_negative_data_converted_uid/40de61967c4e,0.7597253826925878,0
783,./more_data_converted_uid/f697bc2569eb,0.7822282403466128,1
784,./dataset_new/421ee53c9087,0.41081982909790277,1
